1998  Mitsubishi Pajero Pinin (IO),"135000 կմ , Կուպե, Բենզին, Ավտոմատ, Ձախ, Արծաթագույն","31.12.2025 Հայաստան, Մաքսազերծված"
$ 4 100,2021  Kia K5,"85800 կմ , Gt Line, Սեդան, Բենզին, Ավտոմատ, Ձախ, Սպիտակ, Սև","13.12.2025 Հայաստան, Մաքսազերծված"
$ 19 000,2019  BMW X3,"170000 մղոն , S Drive, Ունիվերսալ, Բենզին, Ավտոմատ, Ձախ, Սպիտակ","15.03.2025 Հայաստան, Մաքսազերծված"
$ 21 500,2005  Nissan Xterra,"134000 մղոն , SE, Ունիվերսալ, Բենզին, Ավտոմատ, Ձախ, Արծաթագույն"
֏ 2 700 000,2016  BMW X6,"100000 կմ , 35i XDrive, Ամենագնաց, Բենզին, Ավտոմատ, Ձախ, Արծաթագույն","13.12.2023 Հայաստան, Մաքսազերծված"
$ 35 000,2008  VAZ (Lada) 2107,"100000 կմ , Սեդան, Բենզին և գազ, Մեխանիկական, Ձախ, Սպիտակ","30.12.2025 Հայաստան, Մաքսազերծված"
Պայմ.,2017  Land Rover Range Rover Sport,"155000 կմ , Ամենագնաց, Բենզին, Ավտոմատ, Ձախ, Սև, Կարմիր, 3.0"
$ 47 000,2018  Mercedes-Benz E 300,"100000 կմ , Սեդան, Բենզին, Ավտոմատ, Ձախ, Կապույտ, Սպիտակ","13.09.2024 Հայաստան, Մաքսազերծված"
$ 31 000,2021  Hyundai Elantra,"50000 մղոն , LIMTED, Սեդան, Բենզին, Ավտոմատ, Ձախ, Արծաթագույն","15.12.2025 Հայաստան, Մաքսազերծված"
$ 19 000,2021  Tesla Model 3,"65000 կմ , sr+, Սեդան, Էլեկտրական, Ավտոմատ, 55, 4, Ձախ","14.12.2025 Հայաստան, Մաքսազերծված"
$ 17 700,2022  Genesis G70,"13000 մղոն , Սեդան, Բենզին, Ավտոմատ, Ձախ, Մոխրագույն, Սև","26.04.2025 Հայաստան, Մաքսազերծված"
$ 38 000,2021  Kia Forte,"9800 մղոն , GT LINE, Սեդան, Բենզին, Ավտոմատ, Ձախ, Կապույտ","27.11.2025 Հայաստան, Մաքսազերծված"
$ 16 300,2022  BMW X5,"68000 կմ , G05, Ամենագնաց, Բենզին, Ավտոմատ, Ձախ, Մոխրագույն","30.12.2025 Հայաստան, Մաքսազերծված"
$ 56 000,2004  Nissan Murano,"167250 մղոն , 3.5 SPORT, Ամենագնաց, Բենզին, Ավտոմատ, Ձախ, Սև"
$ 7 000,2021  Jeep Wrangler,"22390 կմ , Sport unlimited, Ամենագնաց, Բենզին, Ավտոմատ, Ձախ, Նարնջագույն","29.11.2025 Հայաստան, Մաքսազերծված"
$ 48 000,2007  Ford F150,"129000 մղոն , Պիկապ, Բենզին, Ավտոմատ, Ձախ, Սպիտակ, 5.4","22.11.2025 Հայաստան, Մաքսազերծված"
$ 13 500,2019  Honda Accord,"110000 կմ , физ лицо, Սեդան, Բենզին, Ավտոմատ, Ձախ, Արծաթագույն","10.09.2025 Հայաստան, Մաքսազերծված"
2017  Land Rover Range Rover Sport,"37000 մղոն , Ամենագնաց, Բենզին, Ավտոմատ, Ձախ, Սպիտակ, Բեժ","31.10.2025 Հայաստան, Մաքսազերծված"
$ 47 000,2007  Porsche Cayenne,"170000 կմ , S, Ամենագնաց, Բենզին, Ավտոմատ, Ձախ, Սև","10.09.2025 Հայաստան, Մաքսազերծված"
$ 10 400,2020  Honda Accord,"45000 մղոն , Sport 2.0 litr, Սեդան, Բենզին, Ավտոմատ, Ձախ, Սպիտակ"
$ 21 800,2020  Mazda 3,"140000 կմ , Սեդան, Բենզին, Ավտոմատ, Ձախ, Այլ գույն","31.10.2025 Հայաստան, Մաքսազերծված"
$ 14 000,2013  Chevrolet Volt,"180246 կմ , Հետչբեք, Հիբրիդ, Ավտոմատ, 16, Ձախ, Երկնագույն, Սև","30.12.2025 Հայաստան, Մաքսազերծված"
$ 6 800,2022  Mercedes-Benz C 300,"40000 կմ , AMG, Սեդան, Բենզին, Ավտոմատ, Ձախ, Սև","17.11.2025 Հայաստան, Մաքսազերծված"
$ 47 500,2021  Kia Forte,"53000 մղոն , Gt LINE, Սեդան, Բենզին, Վարիատոր, Ձախ, Նարնջագույն","30.12.2025 Հայաստան, Մաքսազերծված"
$ 14 700,2022  Mercedes-Benz S 580,"15000 կմ , Սեդան, Բենզին, Ավտոմատ, Ձախ, Սև","15.05.2025 Հայաստան, Մաքսազերծված"
$ 185 000,2021  Mercedes-Benz GLS 450,"9000 կմ , Ամենագնաց, Բենզին, Ավտոմատ, Ձախ, Սև"
$ 143 000,2021  Mercedes-Benz E 63 AMG,"51 կմ , full, Սեդան, Բենզին, Ավտոմատ, Ձախ, Այլ գույն"
Պայմ.,2022  Toyota Rav 4,"15000 մղոն , XLE -X-SERIES-X7, Ամենագնաց, Բենզին, Ավտոմատ, Ձախ, Այլ գույն","30.10.2024 Հայաստան, Մաքսազերծված"
$ 29 700,2023  Tesla Model 3,"35000 կմ , Standart, Սեդան, Էլեկտրական, Ավտոմատ, 60, 1"
$ 20 500,2025  Zeekr 9X Ultra,"15 կմ , 70KW ULTRA, Ամենագնաց, Հիբրիդ, Ավտոմատ, Ձախ, Սև","30.12.2025 Հայաստան, Մաքսազերծված"
$ 132 000,2023  Land Rover Range Rover,"3500 կմ , AOUTOBIOGRAFI, Ամենագնաց, Դիզել, Ավտոմատ, Ձախ, Մոխրագույն, Բեժ","24.11.2025 Հայաստան, Մաքսազերծված"
$ 229 000,2018  Jeep Cherokee,"86000 մղոն , Trailhawk, Ամենագնաց, Բենզին, Ավտոմատ, Ձախ, Կապույտ","29.05.2023 Հայաստան, Մաքսազերծված"
$ 20 000,2024  Mercedes-Benz EQE SUV,"9500 մղոն , Ունիվերսալ, Էլեկտրական, Ավտոմատ, 96, 2, Ձախ","10.11.2025 Հայաստան, Մաքսազերծված"
$ 59 500,2020  Hyundai Tucson,"22000 մղոն , 2.4 LIMITED, Ամենագնաց, Բենզին, Ավտոմատ, Ձախ, Արծաթագույն"
$ 19 500,2020  Hyundai Sonata,"27000 մղոն , 2.5+SEL Nardo Grey, Սեդան, Բենզին, Ավտոմատ, Ձախ, Այլ գույն","26.12.2025 Հայաստան, Մաքսազերծված"
$ 18 500,2018  Kia Stinger,"44000 կմ , Սեդան, Բենզին, Ավտոմատ, Ձախ, Սպիտակ","19.11.2025 Հայաստան, Մաքսազերծված"
$ 23 000,2023  Toyota Corolla,"15000 կմ , GR sport, Սեդան, Բենզին, Ավտոմատ, Ձախ, Մոխրագույն","18.11.2025 Հայաստան, Մաքսազերծված"
$ 30 000,2015  Toyota Prius,"190000 կմ , Հետչբեք, Հիբրիդ, Ավտոմատ, 5, 1, Ձախ, Կապույտ"
$ 10 900,2018  Jeep Cherokee,"100000 կմ , ABS, TRC, EBD, ESP, Մոնիտոր/TV, Բորտ-համակարգիչ, Հայելիների տաքացում","31.08.2025 Հայաստան, Մաքսազերծված"
$ 18 300,2022  Infiniti QX55,"18000 կմ , Հետչբեք, Բենզին, Ավտոմատ, Ձախ, Սպիտակ"
Պայմ.,1996  Mercedes-Benz C 180,"467271 կմ , Սեդան, Գազ, Մեխանիկական, Ձախ, Արծաթագույն","30.12.2025 Հայաստան, Մաքսազերծված"
Պայմ.,1998  Opel Astra,"349000 կմ , G, Հետչբեք, Բենզին, Մեխանիկական, Ձախ, Արծաթագույն, Սև","28.07.2025 Հայաստան, Մաքսազերծված"
$ 4 800,1999  Opel Zafira,"400000 կմ , Մինիվեն / Միկրոավտոբուս, Բենզին և գազ, Մեխանիկական, Ձախ, Սև, Կարմիր","30.12.2025 Հայաստան, Մաքսազերծված"
$ 3 900,2020  Jeep Cherokee,"100600 մղոն , Latitude plus, Ամենագնաց, Բենզին, Ավտոմատ, Ձախ, Արծաթագույն","27.12.2025 Հայաստան, Մաքսազերծված"
$ 15 900,2021  Kia Forte,"100000 մղոն , 2.0 DOHC, Սեդան, Բենզին, Ավտոմատ, Ձախ, Սև","30.12.2025 Հայաստան, Մաքսազերծված"
$ 13 000,2002  Toyota Vitz,"217000 կմ , Հետչբեք, Գազ, Ավտոմատ, Ձախ, Սպիտակ","30.12.2025 Հայաստան, Մաքսազերծված"
$ 4 200,2006  Nissan Teana,"75000 կմ , Սեդան, Բենզին և գազ, Ավտոմատ, Ձախ, Արծաթագույն, Բեժ"
$ 6 100,2006  Mercedes-Benz SLK 350,"227000 կմ , Կաբրիոլետ / Ռոդսթեր, Բենզին, Ավտոմատ, Ձախ, Սև","30.12.2025 Հայաստան, Մաքսազերծված"
$ 11 500,2006  Kia Sorento,"174000 մղոն , Ամենագնաց, Բենզին և գազ, Ավտոմատ, Ձախ, Արծաթագույն, Մոխրագույն","22.06.2025 Հայաստան, Մաքսազերծված"
$ 7 000,2004  BMW X5,"385000 կմ , ABS, Հայելիների տաքացում, Էլեկտրակառավարվող հայելիներ, Անձրևի սենսոր, Լույսի սենսոր, Կենտրոնական փական, Ղեկի կարգավորում"
$ 8 800,2020  Dodge Journey,"120000 կմ , Ունիվերսալ, Բենզին, Ավտոմատ, Ձախ, Արծաթագույն, Սև, 2.4","30.12.2025 Հայաստան, Մաքսազերծված"
$ 11 500,2021  Tesla Model 3,"38000 կմ , RESTAYLING STANDARD PLUS, Հետչբեք, Էլեկտրական, Ավտոմատ, 56, Ձախ"
$ 17 000,2011  Kia Sorento,"159000 մղոն , 2.4, Ամենագնաց, Գազ, Ավտոմատ, Ձախ, Սև","23.11.2025 Հայաստան, Մաքսազերծված"
$ 10 500,2019  Lexus LX 570,"82000 կմ , Ամենագնաց, Բենզին, Ավտոմատ, Ձախ, Սև, Շագանակագույն, 5.7","19.12.2025 Հայաստան, Մաքսազերծված"
$ 102 300,2021  BMW X5,"66000 կմ , Ամենագնաց, Բենզին, Ավտոմատ, Ձախ, Սև","27.12.2025 Հայաստան, Մաքսազերծված"
$ 52 000,2022  Tesla Model 3,"35000 կմ , Սեդան, Էլեկտրական, Ավտոմատ, 65, 2, Ձախ","27.12.2025 Հայաստան, Մաքսազերծված"
$ 17 000,2023  Hyundai Elantra,"56749 մղոն , SE, Սեդան, Բենզին, Ավտոմատ, Ձախ, Մոխրագույն","30.11.2025 ԱՄՆ, Աճուրդում"
$ 6 500,2018  Toyota Camry,"81156 մղոն , SE, Սեդան, Բենզին, Ավտոմատ, Ձախ, Շագանակագույն","10.01.2025 ԱՄՆ, Աճուրդում"
$ 6 600,2018  Nissan Leaf,"52474 մղոն , S, Հետչբեք, Էլեկտրական, Ավտոմատ, 99.8, 1","30.11.2025 ԱՄՆ, Աճուրդում"
$ 3 200,2015  Chevrolet Volt,"63432 մղոն , Սեդան, Էլեկտրական, Ավտոմատ, 77, 4, Ձախ","30.11.2025 ԱՄՆ, Աճուրդում"
$ 2 600,2019  Nissan Sentra,"59377 մղոն , Սեդան, Բենզին, Ավտոմատ, Ձախ, Սև"
$ 2 000,2024  Hyundai Elantra,"47059 մղոն , limited, Սեդան, Բենզին, Ավտոմատ, Ձախ, Սև","30.11.2025 ԱՄՆ, Աճուրդում"
$ 10 000,2018  Nissan Leaf,"67124 մղոն , S, Հետչբեք, Էլեկտրական, Ավտոմատ, 99.8, 1","30.11.2025 ԱՄՆ, Աճուրդում"
$ 2 700,2019  Toyota Camry,"44228 մղոն , LE, Սեդան, Բենզին, Ավտոմատ, Ձախ, Սպիտակ","30.11.2025 ԱՄՆ, Աճուրդում"
$ 6 500,2020  Kia Sportage,"57696 մղոն , LX, Ամենագնաց, Բենզին, Ավտոմատ, Ձախ, Մոխրագույն","30.11.2025 ԱՄՆ, Աճուրդում"
$ 5 500,2021  Tesla Model Y,"81827 մղոն , Ամենագնաց, Էլեկտրական, Ավտոմատ, 99.8, 2, Ձախ","30.11.2025 ԱՄՆ, Աճուրդում"
$ 10 500,2023  Fisker Ocean One,"27094 մղոն , Ամենագնաց, Էլեկտրական, Ավտոմատ, 99.8, 1, Ձախ","30.11.2025 ԱՄՆ, Աճուրդում"
$ 9 000,2024  Cadillac Lyriq,"10300 մղոն , LUXURY, Սեդան, Էլեկտրական, Ավտոմատ, 99.8, 1","30.11.2025 ԱՄՆ, Աճուրդում"
$ 13 500,2020  Toyota Corolla,"47094 մղոն , SE, Սեդան, Բենզին, Ավտոմատ, Ձախ, Արծաթագույն","30.11.2025 ԱՄՆ, Աճուրդում"
$ 5 000,2023  Fisker Ocean One,"16061 մղոն , Ամենագնաց, Էլեկտրական, Ավտոմատ, 99.8, 1, Ձախ","30.11.2025 ԱՄՆ, Աճուրդում"
$ 9 400,2026  Cadillac Escalade,"403 մղոն , IQ SPORT-2, Ամենագնաց, Էլեկտրական, Ավտոմատ, 99.8, 1","30.11.2025 ԱՄՆ, Աճուրդում"
$ 65 000,2020  Toyota Camry,"50745 մղոն , SE, Սեդան, Բենզին, Ավտոմատ, Ձախ, Սև","30.11.2025 ԱՄՆ, Աճուրդում"
$ 8 000,2019  Hyundai Sonata,"93323 մղոն , LIMITED, Սեդան, Բենզին, Ավտոմատ, Ձախ, Սև"
$ 3 500,2020  Kia Rio,"29000 մղոն , Հետչբեք, Բենզին, Ավտոմատ, Ձախ, Մոխրագույն","22.10.2023 Հայաստան, Մաքսազերծված"
$ 13 800,2016  Mazda 3,"96000 կմ , Sport, Սեդան, Բենզին, Ավտոմատ, Ձախ, Մոխրագույն, Մոխրագույն"
$ 9 800,2015  Ford Focus,"201500 կմ , Սեդան, Բենզին, Ավտոմատ, Ձախ, Կապույտ, Սև","14.10.2025 Հայաստան, Մաքսազերծված"
$ 7 700,2008  Lexus IS 250,"166000 կմ , Սեդան, Բենզին, Ավտոմատ, Ձախ, Սպիտակ","29.08.2025 Հայաստան, Մաքսազերծված"
$ 9 500,2021  BMW X5,"18534 մղոն , Ամենագնաց, Բենզին, Ավտոմատ, Ձախ, Մոխրագույն","22.03.2025 ԱՄՆ, Աճուրդում"
$ 25 200,2020  Kia Sportage,"31471 մղոն , Ամենագնաց, Բենզին, Ավտոմատ, Ձախ, Սև","17.03.2025 ԱՄՆ, Աճուրդում"
$ 5 400,2018  Chevrolet Cruze,"66050 մղոն , Սեդան, Բենզին, Ավտոմատ, Ձախ, Մոխրագույն","15.03.2025 ԱՄՆ, Աճուրդում"
$ 2 000,2019  Subaru Legacy,"92841 մղոն , Սեդան, Բենզին, Ավտոմատ, Ձախ, Սև","31.03.2025 ԱՄՆ, Աճուրդում"
$ 3 000,2022  Mercedes-Benz EQC,"4300 կմ , Ամենագնաց, Էլեկտրական, Ավտոմատ, 300, Ձախ, Մոխրագույն","12.03.2025 Գերմանիա, Մաքսազերծված չ"
€ 36 900,2024  Mercedes-Benz GLE 63 S Coupe,"5000 կմ , Ամենագնաց, Բենզին, Ավտոմատ, Ձախ, Կանաչ"
€ 112 200,2020  Kia Forte,"70669 մղոն , Սեդան, Բենզին, Ավտոմատ, Ձախ, Սև","18.02.2025 ԱՄՆ, Աճուրդում"
$ 2 900,2023  Mercedes-Benz EQC,"7374 կմ , Ամենագնաց, Էլեկտրական, Ավտոմատ, 300, Ձախ, Մոխրագույն","12.03.2025 Գերմանիա, Մաքսազերծված չ"
€ 47 000,2020  Ford Escape,"64408 մղոն , Ամենագնաց, Բենզին, Ավտոմատ, Ձախ, Սև","18.03.2025 ԱՄՆ, Աճուրդում"
$ 3 500,2019  Lexus RX 350,"75032 մղոն , Ամենագնաց, Բենզին, Ավտոմատ, Ձախ, Սպիտակ","28.03.2025 ԱՄՆ, Աճուրդում"
$ 13 000,2025  Mercedes-Benz GLA 200,"9900 կմ , Ամենագնաց, Բենզին, Ավտոմատ, Ձախ, Սև","11.03.2025 Գերմանիա, Մաքսազերծված չ"
€ 36 600,2019  Nissan Murano,"63679 մղոն , Ամենագնաց, Բենզին, Ավտոմատ, Ձախ, Մոխրագույն","17.02.2025 ԱՄՆ, Աճուրդում"
$ 4 300,2019  Nissan Murano,"80169 մղոն , Ամենագնաց, Բենզին, Ավտոմատ, Ձախ, Մոխրագույն","17.02.2025 ԱՄՆ, Աճուրդում"
$ 5 000,2019  Jeep Cherokee,"64146 մղոն , Ամենագնաց, Բենզին, Ավտոմատ, Ձախ, Սպիտակ","27.03.2025 ԱՄՆ, Աճուրդում"
$ 4 000,2019  Jeep Cherokee,"62463 մղոն , Ամենագնաց, Բենզին, Ավտոմատ, Ձախ, Սպիտակ","27.03.2025 ԱՄՆ, Աճուրդում"
$ 4 100,2019  Nissan Versa,"53739 մղոն , Սեդան, Բենզին, Ավտոմատ, Ձախ, Արծաթագույն","17.02.2025 ԱՄՆ, Աճուրդում"
$ 2 100,2019  Jeep Cherokee,"39328 մղոն , Ամենագնաց, Բենզին, Ավտոմատ, Ձախ, Մոխրագույն","27.03.2025 ԱՄՆ, Աճուրդում"
$ 4 000,2021  BMW X5,"43913 մղոն , Ամենագնաց, Բենզին, Ավտոմատ, Ձախ, Սպիտակ","22.03.2025 ԱՄՆ, Աճուրդում"
$ 25 000,2018  Nissan Rogue,"63468 մղոն , Ամենագնաց, Բենզին, Ավտոմատ, Ձախ, Արծաթագույն","28.03.2025 ԱՄՆ, Աճուրդում"
$ 3 000,2021  Lexus ES 300h,"41160 մղոն , Սեդան, Բենզին, Ավտոմատ, Ձախ, Սպիտակ","22.03.2025 ԱՄՆ, Աճուրդում"
$ 15 000,2019  Subaru Impreza,"58764 մղոն , Հետչբեք, Բենզին, Ավտոմատ, Ձախ, Մոխրագույն","23.02.2025 ԱՄՆ, Աճուրդում"
$ 2 500,2022  Toyota Camry,"40362 մղոն , Սեդան, Բենզին, Ավտոմատ, Ձախ, Մոխրագույն","14.03.2025 ԱՄՆ, Աճուրդում"
$ 12 600,2024  Lexus LX 600,"10 կմ , Ամենագնաց, Բենզին, Ավտոմատ, Ձախ, Սև","24.03.2025 ԱՄԷ, Մաքսազերծված չ"
$ 123 900,2021  Hyundai Kona,"99000 մղոն , Ամենագնաց, Էլեկտրական, Ավտոմատ, 300, Ձախ, Սպիտակ","17.03.2025 ԱՄՆ, Աճուրդում"
$ 7 800,2020  Toyota Camry,"58411 մղոն , Սեդան, Բենզին, Ավտոմատ, Ձախ, Սպիտակ","14.03.2025 ԱՄՆ, Աճուրդում"
$ 9 000,2025  Rolls Royce Cullinan,"50 կմ , Ամենագնաց, Բենզին, Ավտոմատ, Ձախ, Սև","22.03.2025 Գերմանիա, Մաքսազերծված չ"
€ 562 500,2025  BMW i5,"2990 կմ , Սեդան, Էլեկտրական, Ավտոմատ, 250, Ձախ, Մոխրագույն","25.02.2025 Գերմանիա, Մաքսազերծված չ"
€ 57 700,2024  Mercedes-Benz GLE 53 AMG Coupe,"28900 կմ , Ամենագնաց, Բենզին, Ավտոմատ, Ձախ, Մոխրագույն","13.02.2025 Գերմանիա, Մաքսազերծված չ"
€ 90 700,2019  Chevrolet Equinox,"72575 մղոն , Ամենագնաց, Բենզին, Ավտոմատ, Ձախ, Սպիտակ","25.02.2025 ԱՄՆ, Աճուրդում"
$ 3 600,2019  Mitsubishi Outlander,"66772 մղոն , Ամենագնաց, Բենզին, Ավտոմատ, Ձախ, Մոխրագույն","15.03.2025 ԱՄՆ, Աճուրդում"
$ 4 500,2019  Mercedes-Benz CLA 250,"59047 մղոն , Սեդան, Բենզին, Ավտոմատ, Ձախ, Սև","14.02.2025 ԱՄՆ, Աճուրդում"
$ 6 800,2021  Toyota Highlander,"57261 մղոն , Ամենագնաց, Բենզին, Ավտոմատ, Ձախ, Սպիտակ"
$ 18 500,2019  Nissan Murano,"58611 մղոն , Ամենագնաց, Բենզին, Ավտոմատ, Ձախ, Սև","18.03.2025 ԱՄՆ, Աճուրդում"
$ 4 700,2022  BMW iX,"10 կմ , Ամենագնաց, Էլեկտրական, Ավտոմատ, 300, Ձախ, Սև","17.02.2025 ԱՄՆ, Աճուրդում"
$ 31 500,2022  Audi Q8,"39975 կմ , Ամենագնաց, Բենզին, Ավտոմատ, Ձախ, Սև","11.03.2025 Գերմանիա, Մաքսազերծված չ"
€ 57 100,2024  Porsche Cayenne,"10 կմ , Ամենագնաց, Բենզին, Ավտոմատ, Ձախ, Սև","28.02.2025 Գերմանիա, Մաքսազերծված չ"
€ 132 000,2022  BMW X7,"34451 մղոն , Ամենագնաց, Բենզին, Ավտոմատ, Ձախ, Սպիտակ","14.02.2025 ԱՄՆ, Աճուրդում"
$ 37 600,2024  BMW X7,"15502 կմ , Ամենագնաց, Բենզին, Ավտոմատ, Ձախ, Սև","27.02.2025 Գերմանիա, Մաքսազերծված չ"
€ 78 600,2021  BMW X6,"47778 մղոն , Ամենագնաց, Բենզին, Ավտոմատ, Ձախ, Մոխրագույն","14.02.2025 ԱՄՆ, Աճուրդում"
$ 33 000,2023  Audi Q7,"25763 կմ , Ամենագնաց, Բենզին, Ավտոմատ, Ձախ, Արծաթագույն","21.02.2025 Գերմանիա, Մաքսազերծված չ"
€ 62 000,2021  BMW X3,"46477 մղոն , Ամենագնաց, Բենզին, Ավտոմատ, Ձախ, Սև","14.02.2025 ԱՄՆ, Աճուրդում"
$ 18 800,2002  Mercedes-Benz C 320,"150000 կմ , Սեդան, Բենզին, Ավտոմատ, Ձախ, Արծաթագույն, Մոխրագույն, 3.2"
$ 7 000,2021  Lexus NX 300h,"30236 մղոն , Ամենագնաց, Բենզին, Ավտոմատ, Ձախ, Մոխրագույն","22.03.2025 ԱՄՆ, Աճուրդում"
$ 15 500,2024  Rolls Royce Spectre,"80 կմ , Կուպե, Էլեկտրական, Ավտոմատ, 430, Ձախ, Սև","22.03.2025 Գերմանիա, Մաքսազերծված չ"
€ 672 300,2019  Kia Sportage,"69102 մղոն , Ամենագնաց, Բենզին, Ավտոմատ, Ձախ, Կապույտ"
$ 4 300,2025  Porsche Macan,"25 կմ , Ամենագնաց, Բենզին, Ավտոմատ, Ձախ, Սպիտակ","28.02.2025 Գերմանիա, Մաքսազերծված չ"
€ 57 200,2023  Mercedes-Benz EQB,"12978 կմ , Ամենագնաց, Էլեկտրական, Ավտոմատ, 140, Ձախ, Արծաթագույն","17.02.2025 Գերմանիա, Մաքսազերծված չ"
€ 28 000,2024  BMW X6,"35616 կմ , Ամենագնաց, Բենզին, Ավտոմատ, Ձախ, Սև","13.02.2025 Գերմանիա, Մաքսազերծված չ"
€ 69 700,2025  Porsche Cayenne,"220 կմ , Ամենագնաց, Բենզին, Ավտոմատ, Ձախ, Սպիտակ","15.03.2025 Գերմանիա, Մաքսազերծված չ"
€ 151 100,2023  Mercedes-Benz CLS 55 AMG,"18000 կմ , Սեդան, Բենզին, Ավտոմատ, Ձախ, Սև","11.03.2025 Գերմանիա, Մաքսազերծված չ"
€ 79 900,2020  Toyota Rav 4,"51836 մղոն , Ամենագնաց, Բենզին, Ավտոմատ, Ձախ, Սպիտակ","11.02.2025 ԱՄՆ, Աճուրդում"
$ 10 000,2022  Toyota Corolla,"49796 մղոն , Սեդան, Բենզին, Ավտոմատ, Ձախ, Կապույտ"
$ 7 000,2020  Toyota Corolla,"73024 մղոն , Սեդան, Բենզին, Ավտոմատ, Ձախ, Կապույտ"
$ 5 300,2023  BMW 520,"32900 կմ , Սեդան, Բենզին, Ավտոմատ, Ձախ, Սև","11.03.2025 Գերմանիա, Մաքսազերծված չ"
€ 44 600,2021  Tesla Model 3,"55595 մղոն , Սեդան, Էլեկտրական, Ավտոմատ, 300, Ձախ, Մոխրագույն"
$ 10 000,2023  Tesla Model 3,"48601 մղոն , Սեդան, Էլեկտրական, Ավտոմատ, 300, Ձախ, Սպիտակ"
$ 11 000,2021  Toyota Rav 4,"3448 մղոն , Ամենագնաց, Բենզին, Ավտոմատ, Ձախ, Մոխրագույն"
$ 11 500,2022  Toyota Rav 4,"54022 մղոն , Ամենագնաց, Բենզին, Ավտոմատ, Ձախ, Սպիտակ"
$ 12 800,2020  Honda CR-V,"53269 մղոն , Ամենագնաց, Բենզին, Ավտոմատ, Ձախ, Սև"
$ 9 000,2021  BMW X3,"48633 մղոն , Ամենագնաց, Բենզին, Ավտոմատ, Ձախ, Սև"
$ 18 500,2025  Land Rover Range Rover Sport,"10 կմ , Ամենագնաց, Բենզին, Ավտոմատ, Ձախ, Սև","23.02.2025 Գերմանիա, Մաքսազերծված չ"
€ 130 300,2022  Kia K5,"24189 մղոն , Սեդան, Բենզին, Ավտոմատ, Ձախ, Մոխրագույն","11.02.2025 ԱՄՆ, Աճուրդում"
$ 8 500,2022  Toyota Bz4X,"18500 կմ , Ամենագնաց, Էլեկտրական, Ավտոմատ, 150, Ձախ, Սև","21.02.2025 Գերմանիա, Մաքսազերծված չ"
€ 26 800,2021  Honda Accord,"52809 մղոն , Սեդան, Հիբրիդ, Ավտոմատ, Ձախ, Կարմիր","18.02.2025 ԱՄՆ, Աճուրդում"
$ 7 400,2021  Honda Accord,"26059 կմ , Սեդան, Բենզին, Ավտոմատ, Ձախ, Սև","18.02.2025 ԱՄՆ, Աճուրդում"
$ 7 500,2022  Toyota Rav 4,"18156 մղոն , Ամենագնաց, Բենզին, Ավտոմատ, Ձախ, Սպիտակ","20.02.2025 ԱՄՆ, Աճուրդում"
$ 12 800,2022  Mercedes-Benz CLS 450,"19086 մղոն , Սեդան, Բենզին, Ավտոմատ, Ձախ, Սպիտակ","15.04.2025 ԱՄՆ, Աճուրդում"
$ 16 500,2019  Hyundai Kona,"78118 մղոն , Ամենագնաց, Բենզին, Ավտոմատ, Ձախ, Սպիտակ","13.03.2025 ԱՄՆ, Աճուրդում"
$ 4 000,2021  Mercedes-Benz E 350,"86358 մղոն , Սեդան, Բենզին, Ավտոմատ, Ձախ, Սև","21.02.2025 ԱՄՆ, Աճուրդում"
$ 20 000,2019  Nissan Sentra,"20527 մղոն , Սեդան, Բենզին, Ավտոմատ, Ձախ, Սպիտակ","19.03.2025 ԱՄՆ, Աճուրդում"
$ 2 300,2019  Nissan Sentra,"42975 մղոն , Սեդան, Բենզին, Ավտոմատ, Ձախ, Մոխրագույն","19.03.2025 ԱՄՆ, Աճուրդում"
$ 2 100,2019  Chevrolet Equinox,"62456 մղոն , Ամենագնաց, Բենզին, Ավտոմատ, Ձախ, Մոխրագույն","18.03.2025 ԱՄՆ, Աճուրդում"
$ 4 000,2019  Nissan Versa,"71168 մղոն , Սեդան, Բենզին, Ավտոմատ, Ձախ, Սպիտակ","18.03.2025 ԱՄՆ, Աճուրդում"
$ 2 300,2019  Dodge Challenger,"61667 մղոն , Սեդան, Բենզին, Ավտոմատ, Ձախ, Մոխրագույն","24.02.2025 ԱՄՆ, Աճուրդում"
$ 5 300,2019  Subaru Outback,"88293 մղոն , Ամենագնաց, Բենզին, Ավտոմատ, Ձախ, Սև","23.02.2025 ԱՄՆ, Աճուրդում"
$ 4 000,2022  Lexus IS 350 F Sport,"34325 մղոն , Սեդան, Բենզին, Ավտոմատ, Ձախ, Կարմիր"
$ 13 500,2021  Lexus IS 300,"25719 մղոն , Սեդան, Բենզին, Ավտոմատ, Ձախ, Մոխրագույն"
$ 12 000,2021  BMW X3,"10000 մղոն , Ամենագնաց, Բենզին, Ավտոմատ, Ձախ, Սև"
$ 18 100,2020  BMW X7,"11925 մղոն , Ամենագնաց, Բենզին, Ավտոմատ, Ձախ, Սև"
$ 30 000,2018  Dodge Charger,"61160 մղոն , Սեդան, Բենզին, Ավտոմատ, Ձախ, Մոխրագույն","24.02.2025 ԱՄՆ, Աճուրդում"
$ 3 500,2018  Dodge Challenger,"83874 մղոն , Սեդան, Բենզին, Ավտոմատ, Ձախ, Սպիտակ","24.02.2025 ԱՄՆ, Աճուրդում"
$ 4 500,2022  Toyota Corolla,"48223 մղոն , Սեդան, Բենզին, Ավտոմատ, Ձախ, Կապույտ"
$ 7 300,2022  Toyota Corolla,"43091 մղոն , Սեդան, Բենզին, Ավտոմատ, Ձախ, Սպիտակ"
$ 7 500,2021  Toyota Corolla,"62740 մղոն , Սեդան, Բենզին, Ավտոմատ, Ձախ, Կապույտ"
$ 7 000,2021  Tesla Model Y,"38487 մղոն , Ամենագնաց, Էլեկտրական, Ավտոմատ, 400, Ձախ, Սպիտակ","11.02.2025 ԱՄՆ, Աճուրդում"
$ 13 100,2022  Mercedes-Benz S 580,"45810 կմ , Սեդան, Բենզին, Ավտոմատ, Ձախ, Սև","13.03.2025 Գերմանիա, Մաքսազերծված չ"
€ 71 500,2020  Mercedes-Benz G 63 AMG,"45000 կմ , Ամենագնաց, Բենզին, Ավտոմատ, Ձախ, Սև","13.03.2025 Գերմանիա, Մաքսազերծված չ"
€ 130 100,2021  BMW X5,"67340 մղոն , Ամենագնաց, Բենզին, Ավտոմատ, Ձախ, Սպիտակ","29.03.2025 ԱՄՆ, Աճուրդում"
$ 27 000,2019  Nissan Versa,"25371 մղոն , Սեդան, Բենզին, Ավտոմատ, Ձախ, Մոխրագույն","18.03.2025 ԱՄՆ, Աճուրդում"
$ 2 300,2020  Toyota Highlander,"68516 մղոն , Ամենագնաց, Բենզին, Ավտոմատ, Ձախ, Կապույտ","13.03.2025 ԱՄՆ, Աճուրդում"
$ 17 000,2023  Mercedes-Benz GLE 400,"8042 կմ , Կուպե, Հիբրիդ, Ավտոմատ, Ձախ, Մոխրագույն","20.02.2025 Գերմանիա, Մաքսազերծված չ"
€ 75 200,2025  Lexus LX 500d,"10 կմ , Ամենագնաց, Դիզել, Ավտոմատ, Ձախ, Սև","24.03.2025 ԱՄԷ, Մաքսազերծված չ"
$ 144 300,2024  Lexus LX 600,"13000 կմ , Ամենագնաց, Բենզին, Ավտոմատ, Ձախ, Սպիտակ","24.03.2025 ԱՄԷ, Մաքսազերծված չ"
$ 135 900,2020  Lexus ES 350,"64431 մղոն , Սեդան, Բենզին, Ավտոմատ, Ձախ, Սպիտակ"
$ 13 500,2024  BMW X5 M,"14647 կմ , Ամենագնաց, Բենզին, Ավտոմատ, Ձախ, Սև","25.02.2025 Գերմանիա, Մաքսազերծված չ"
€ 113 400,2020  Lexus ES 250,"100000 կմ , 4x4, Սեդան, Բենզին, Ավտոմատ, Ձախ, Սև","26.12.2025 Հայաստան, Մաքսազերծված"
$ 33 000,2025  BMW iX,"1000 կմ , Ամենագնաց, Էլեկտրական, Ավտոմատ, 385, Ձախ, Սև","25.02.2025 Գերմանիա, Մաքսազերծված չ"
€ 84 100,2019  Lexus ES 300,"10248 մղոն , Սեդան, Բենզին, Ավտոմատ, Ձախ, Սպիտակ","14.02.2025 ԱՄՆ, Աճուրդում"
$ 12 500,2019  Subaru Impreza,"44161 մղոն , Սեդան, Բենզին, Ավտոմատ, Ձախ, Մոխրագույն"
$ 2 500,2019  Lexus IS 300,"61487 մղոն , Սեդան, Բենզին, Ավտոմատ, Ձախ, Սև","14.02.2025 ԱՄՆ, Աճուրդում"
$ 9 500,2019  Hyundai Tucson,"53347 մղոն , Ամենագնաց, Բենզին, Ավտոմատ, Ձախ, Մոխրագույն","16.02.2025 ԱՄՆ, Աճուրդում"
$ 5 000,2019  Lexus ES 350,"84808 մղոն , Սեդան, Բենզին, Ավտոմատ, Ձախ, Սպիտակ","22.03.2025 ԱՄՆ, Աճուրդում"
$ 11 000,2025  Mercedes-Benz GLS 600 Maybach,"50 կմ , Ամենագնաց, Բենզին, Ավտոմատ, Ձախ, Սև","19.03.2025 ԱՄՆ, Աճուրդում"
€ 206 800,2022  Dodge Charger,"42876 մղոն , Սեդան, Բենզին, Ավտոմատ, Ձախ, Արծաթագույն","16.02.2025 ԱՄՆ, Աճուրդում"
$ 7 000,2019  Jeep Cherokee,"81987 մղոն , Ամենագնաց, Բենզին, Ավտոմատ, Ձախ, Սև"
$ 4 300,2023  Toyota Bz4X,"12900 կմ , Ամենագնաց, Էլեկտրական, Ավտոմատ, 150, Ձախ, Սև","21.02.2025 Գերմանիա, Մաքսազերծված չ"
€ 27 700,2025  Toyota Bz4X,"500 կմ , Ամենագնաց, Էլեկտրական, Ավտոմատ, 150, Ձախ, Կապույտ","21.02.2025 Գերմանիա, Մաքսազերծված չ"
€ 38 700,2022  BMW X5,"31470 մղոն , Ամենագնաց, Բենզին, Ավտոմատ, Ձախ, Սև","22.03.2025 ԱՄՆ, Աճուրդում"
$ 29 500,2019  Kia Optima,"63028 մղոն , Սեդան, Բենզին, Ավտոմատ, Ձախ, Սպիտակ"
$ 3 000,2018  Lexus GX 460,"74924 մղոն , Ամենագնաց, Բենզին, Ավտոմատ, Ձախ, Սև","12.05.2025 ԱՄՆ, Աճուրդում"
$ 17 000,2022  Toyota Rav 4,"51622 մղոն , Ամենագնաց, Բենզին, Ավտոմատ, Ձախ, Սպիտակ","12.05.2025 ԱՄՆ, Աճուրդում"
$ 12 800,2020  Toyota Rav 4,"72446 մղոն , Ամենագնաց, Բենզին, Ավտոմատ, Ձախ, Կարմիր","12.05.2025 ԱՄՆ, Աճուրդում"
$ 9 700,2022  Toyota Rav 4,"42091 մղոն , Ամենագնաց, Բենզին, Ավտոմատ, Ձախ, Սև","12.05.2025 ԱՄՆ, Աճուրդում"
$ 13 000,2019  Toyota C-HR,"30446 մղոն , Ամենագնաց, Բենզին, Ավտոմատ, Ձախ, Մոխրագույն","12.05.2025 ԱՄՆ, Աճուրդում"
$ 5 200,2021  Toyota C-HR,"10 մղոն , Ամենագնաց, Բենզին, Ավտոմատ, Ձախ, Սև","12.05.2025 ԱՄՆ, Աճուրդում"
$ 8 000,2018  Toyota C-HR,"79359 մղոն , Ամենագնաց, Բենզին, Ավտոմատ, Ձախ, Սպիտակ","12.05.2025 ԱՄՆ, Աճուրդում"
$ 4 500,2020  Toyota C-HR,"66250 մղոն , Ամենագնաց, Բենզին, Ավտոմատ, Ձախ, Սև","12.05.2025 ԱՄՆ, Աճուրդում"
$ 6 900,2020  Toyota C-HR,"51933 մղոն , Ամենագնաց, Բենզին, Ավտոմատ, Ձախ, Մոխրագույն","12.05.2025 ԱՄՆ, Աճուրդում"
$ 7 000,2018  Subaru Forester,"79257 մղոն , Ամենագնաց, Բենզին, Ավտոմատ, Ձախ, Կապույտ","12.05.2025 ԱՄՆ, Աճուրդում"
$ 3 500,2025  BMW X3,"5000 կմ , Ամենագնաց, Գազ, Ավտոմատ, Ձախ, Սև","22.02.2025 Գերմանիա, Մաքսազերծված չ"
€ 46 700,2024  BMW X2,"11760 կմ , Ամենագնաց, Դիզել, Ավտոմատ, Ձախ, Սպիտակ","22.02.2025 Գերմանիա, Մաքսազերծված չ"
€ 30 200,2023  BMW X2,"15600 կմ , Ամենագնաց, Բենզին, Ավտոմատ, Ձախ, Մոխրագույն","22.02.2025 Գերմանիա, Մաքսազերծված չ"
€ 24 200,2019  Ford Ecosport,"140000 կմ , Ամենագնաց, Բենզին, Ավտոմատ, Ձախ, Սև"
$ 14 300,2021  Nissan Versa,"44000 մղոն , Սեդան, Բենզին և գազ, Ավտոմատ, Ձախ, Մոխրագույն","27.09.2025 Հայաստան, Մաքսազերծված"
$ 12 300,2020  Jeep Wrangler,"112000 կմ , Ունիվերսալ, Բենզին, Ավտոմատ, Ձախ, Սպիտակ","23.12.2025 Հայաստան, Մաքսազերծված"
$ 40 000,2013  Chevrolet Volt,"139000 կմ , Չվթարված, Հետչբեք, Հիբրիդ, Ավտոմատ, Ձախ, Արծաթագույն","30.11.2025 Հայաստան, Մաքսազերծված"
$ 6 700,2008  Mercedes-Benz G 500,"1111 կմ , Ամենագնաց, Բենզին, Ավտոմատ, Ձախ, Սև","30.12.2025 Հայաստան, Մաքսազերծված"
Պայմ.,2019  BMW X3,"80000 կմ , Sdrive, Ամենագնաց, Բենզին, Ավտոմատ, Ձախ, Սև, Մոխրագույն","27.11.2025 Հայաստան, Մաքսազերծված"
$ 26 000,2007  Mercedes-Benz G 500,"235000 կմ , Ամենագնաց, Գազ, Ավտոմատ, Ձախ, Սև, Սև","25.11.2025 Հայաստան, Մաքսազերծված"
$ 38 500,2017  Maserati Levante,"109000 կմ , Ամենագնաց, Բենզին, Ավտոմատ, Ձախ, Սպիտակ, Շագանակագույն"
$ 44 000,2017  Chevrolet Malibu,"195000 կմ , Սեդան, Բենզին, Ավտոմատ, Ձախ, Սպիտակ","17.11.2025 Հայաստան, Մաքսազերծված"
֏ 4 500 000,2022  Mazda CX5,"20500 կմ , GRANT TOURING PREMIUM PLUS -FULL, Ունիվերսալ, Բենզին, Ավտոմատ, Ձախ, Սպիտակ","15.12.2024 Հայաստան, Մաքսազերծված"
Պայմ.,2001  BMW X5,"250000 կմ , Ամենագնաց, Բենզին, Մեխանիկական, Ձախ, Արծաթագույն, Սև, 6"
$ 10 500,2019  Volkswagen Caddy,"200000 կմ , Ունիվերսալ, Գազ, Մեխանիկական, Ձախ, Կապույտ, Սև, 1.4"
$ 17 000,2021  VAZ (Lada) NIVA Legend,"70000 կմ , Ամենագնաց, Գազ, Մեխանիկական, Ձախ, Սպիտակ, Սև, 1.7","10.06.2025 Հայաստան, Մաքսազերծված"
$ 14 000,2021  Mercedes-Benz EQC,"40000 կմ , ABS, TRC, EBD, ESP, Մոնիտոր/TV, Բորտ-համակարգիչ, Հայելիների տաքացում"
$ 52 000,2021  BMW M5,"38000 մղոն , Սեդան, Բենզին, Ավտոմատ, Ձախ, Այլ գույն","12.12.2025 Հայաստան, Մաքսազերծված"
$ 75 000,2013  Chevrolet Volt,"160000 կմ , 1.4 Hybrid, Սեդան, Բենզին, Ավտոմատ, Ձախ, Բալագույն","26.11.2025 Հայաստան, Մաքսազերծված"
$ 7 300,2016  Chrysler 200,"125000 մղոն , 2.4 LIMITED, Սեդան, Բենզին, Ավտոմատ, Ձախ, Մոխրագույն","16.12.2025 Հայաստան, Մաքսազերծված"
$ 11 900,2011  Mercedes-Benz ML 350,"170000 կմ , Ունիվերսալ, Բենզին, Ավտոմատ, Ձախ, Սպիտակ"
$ 16 000,2020  Hyundai Elantra,"59594 մղոն , Սեդան, Բենզին, Ավտոմատ, Ձախ, Սև","29.05.2025 ԱՄՆ, Աճուրդում"
$ 3 800,2021  Toyota Tundra,"51747 մղոն , Պիկապ, Բենզին, Ավտոմատ, Ձախ, Սև","16.02.2025 ԱՄՆ, Աճուրդում"
$ 18 000,2021  Tesla Model 3,"22613 մղոն , Սեդան, Էլեկտրական, Ավտոմատ, 300, Ձախ, Սև","27.02.2025 ԱՄՆ, Աճուրդում"
$ 9 000,2025  Lexus GX 550,"10 կմ , Ամենագնաց, Բենզին, Ավտոմատ, Ձախ, Մոխրագույն"
$ 114 000,2021  Dodge Charger,"75108 մղոն , Սեդան, Բենզին, Ավտոմատ, Ձախ, Մոխրագույն","25.03.2025 ԱՄՆ, Աճուրդում"
$ 6 200,2020  Subaru Legacy,"54178 մղոն , Սեդան, Բենզին, Ավտոմատ, Ձախ, Սպիտակ","25.03.2025 ԱՄՆ, Աճուրդում"
$ 3 000,2020  Subaru Legacy,"75628 մղոն , Սեդան, Բենզին, Ավտոմատ, Ձախ, Սպիտակ","25.03.2025 ԱՄՆ, Աճուրդում"
$ 3 100,2020  Chevrolet Malibu,"26175 մղոն , Սեդան, Բենզին, Ավտոմատ, Ձախ, Սպիտակ","14.03.2025 ԱՄՆ, Աճուրդում"
$ 3 700,2025  BMW X5,"2500 կմ , Ամենագնաց, Դիզել, Ավտոմատ, Ձախ, Սպիտակ"
€ 92 000,2024  BMW X5,"12139 կմ , Ամենագնաց, Հիբրիդ, Ավտոմատ, Ձախ, Մոխրագույն"
€ 83 200,2025  BMW iX,"8000 կմ , Ամենագնաց, Էլեկտրական, Ավտոմատ, 400, Ձախ, Կապույտ","25.09.2025 Գերմանիա, Մաքսազերծված չ"
€ 81 000,2024  Mercedes-Benz CLE 450,"10 մղոն , Սեդան, Բենզին, Ավտոմատ, Ձախ, Սպիտակ","15.04.2025 ԱՄՆ, Աճուրդում"
$ 35 600,2024  Lexus GX 550,"10 կմ , Ամենագնաց, Բենզին, Ավտոմատ, Ձախ, Սպիտակ"
$ 115 600,2019  Chevrolet Cruze,"63070 մղոն , Սեդան, Բենզին, Ավտոմատ, Ձախ, Սև","15.02.2025 ԱՄՆ, Աճուրդում"
$ 2 500,2020  Toyota Corolla,"32317 մղոն , Սեդան, Բենզին, Ավտոմատ, Ձախ, Սև","15.02.2025 ԱՄՆ, Աճուրդում"
$ 5 400,2021  Toyota Camry,"80602 մղոն , Սեդան, Բենզին, Ավտոմատ, Ձախ, Արծաթագույն","21.03.2025 ԱՄՆ, Աճուրդում"
$ 11 200,2019  Kia Forte,"60367 մղոն , Սեդան, Բենզին, Ավտոմատ, Ձախ, Սև","26.02.2025 ԱՄՆ, Աճուրդում"
$ 3 400,2019  Kia Forte,"78682 մղոն , Սեդան, Բենզին, Ավտոմատ, Ձախ, Սպիտակ","26.02.2025 ԱՄՆ, Աճուրդում"
$ 3 500,2023  Hyundai Sonata,"17058 մղոն , Սեդան, Բենզին, Ավտոմատ, Ձախ, Սև","23.02.2025 ԱՄՆ, Աճուրդում"
$ 7 000,2022  Hyundai Sonata,"44529 մղոն , Սեդան, Բենզին, Ավտոմատ, Ձախ, Սպիտակ","23.02.2025 ԱՄՆ, Աճուրդում"
$ 6 000,2025  Mercedes-Benz GLS 450,"10 կմ , Ամենագնաց, Բենզին, Ավտոմատ, Ձախ, Սև"
€ 127 500,2025  Mercedes-Benz GLS 450,"1000 կմ , Ամենագնաց, Դիզել, Ավտոմատ, Ձախ, Սպիտակ"
€ 111 000,2025  Mercedes-Benz GLS 63 AMG,"50 կմ , Ամենագնաց, Բենզին, Ավտոմատ, Ձախ, Մոխրագույն"
€ 176 303,2025  Mercedes-Benz GLS 600 Maybach,"50 կմ , Ամենագնաց, Բենզին, Ավտոմատ, Ձախ, Սև"
€ 212 500,2025  Mercedes-Benz GLS 400,"10 կմ , Ամենագնաց, Դիզել, Ավտոմատ, Ձախ, Սպիտակ"
€ 111 500,2025  Mercedes-Benz GLS 63 AMG,"50 կմ , Ամենագնաց, Բենզին, Ավտոմատ, Ձախ, Արծաթագույն"
€ 176 000,2023  Honda e:NS1,"38000 կմ , Ամենագնաց, Էլեկտրական, Ավտոմատ, 68.8, Ձախ, Սպիտակ","30.12.2025 Հայաստան, Մաքսազերծված"
$ 18 900,2018  BMW 750,"127000 մղոն , 750 I FULL, Սեդան, Բենզին, Ավտոմատ, Ձախ, Կապույտ","11.12.2025 Հայաստան, Մաքսազերծված"
$ 33 800,2022  Mazda CX5,"19000 մղոն , Ամենագնաց, Բենզին, Ավտոմատ, Ձախ, Սպիտակ","30.12.2025 Հայաստան, Մաքսազերծված"
Պայմ.,2016  Chrysler 200,"220000 կմ , Սեդան, Բենզին, Ավտոմատ, Ձախ, Սև"
$ 9 500,2012  Mercedes-Benz Sprinter,"170000 կմ , Մինիվեն / Միկրոավտոբուս, Դիզել, Մեխանիկական, Ձախ, Սպիտակ","30.12.2025 Հայաստան, Մաքսազերծված"
Պայմ.,2001  Ford Transit,"170000 կմ , Ֆուրգոն, Դիզել, Մեխանիկական, Ձախ, Սպիտակ","30.12.2025 Հայաստան, Մաքսազերծված"
Պայմ.,2008  Ford Transit,"173000 կմ , Ֆուրգոն, Դիզել, Մեխանիկական, Ձախ, Սպիտակ","30.12.2025 Հայաստան, Մաքսազերծված"
Պայմ.,2020  Kia Sportage,"25095 մղոն , Ամենագնաց, Բենզին, Ավտոմատ, Ձախ, Սպիտակ","15.02.2025 ԱՄՆ, Աճուրդում"
$ 5 400,2011  Ford Transit,"175000 կմ , Ֆուրգոն, Դիզել, Մեխանիկական, Ձախ, Դեղին","30.12.2025 Հայաստան, Մաքսազերծված"
Պայմ.,2021  Subaru Forester,"64064 մղոն , Ամենագնաց, Բենզին, Ավտոմատ, Ձախ, Սև","25.03.2025 ԱՄՆ, Աճուրդում"
$ 5 500,2020  Toyota Corolla,"85934 մղոն , Սեդան, Բենզին, Ավտոմատ, Ձախ, Սպիտակ","15.02.2025 ԱՄՆ, Աճուրդում"
$ 5 100,2020  Lexus RX 350,"46941 մղոն , Ամենագնաց, Բենզին, Ավտոմատ, Ձախ, Սպիտակ","20.02.2025 ԱՄՆ, Աճուրդում"
$ 14 200,2020  BMW 320,"37900 կմ , Սեդան, Բենզին, Ավտոմատ, Ձախ, Արծաթագույն","16.02.2025 Գերմանիա, Մաքսազերծված չ"
€ 27 900,2020  Ford Explorer,"41388 մղոն , Ամենագնաց, Բենզին, Ավտոմատ, Ձախ, Սպիտակ","26.03.2025 ԱՄՆ, Աճուրդում"
$ 8 000,2019  Lexus RX 350,"79583 մղոն , Ամենագնաց, Բենզին, Ավտոմատ, Ձախ, Սև","26.02.2025 ԱՄՆ, Աճուրդում"
$ 13 000,2020  Hyundai Tucson,"32828 մղոն , Ամենագնաց, Բենզին, Ավտոմատ, Ձախ, Սպիտակ","17.03.2025 ԱՄՆ, Աճուրդում"
$ 6 000,2023  Dodge Challenger,"31955 մղոն , Սեդան, Բենզին, Ավտոմատ, Ձախ, Մոխրագույն"
$ 8 500,2018  Nissan Murano,"8306 մղոն , Ամենագնաց, Բենզին, Ավտոմատ, Ձախ, Կապույտ","17.02.2025 ԱՄՆ, Աճուրդում"
$ 4 000,2018  Subaru Impreza,"67527 մղոն , Սեդան, Բենզին, Ավտոմատ, Ձախ, Մոխրագույն","16.02.2025 ԱՄՆ, Աճուրդում"
$ 2 000,2018  Hyundai Tucson,"63688 կմ , Ամենագնաց, Բենզին, Ավտոմատ, Ձախ, Երկնագույն","16.02.2025 ԱՄՆ, Աճուրդում"
$ 4 000,2025  Land Rover Range Rover Sport,"5000 կմ , Ամենագնաց, Բենզին, Ավտոմատ, Ձախ, Մոխրագույն","25.03.2025 Գերմանիա, Մաքսազերծված չ"
€ 136 900,2024  Lexus RX 350,"10 կմ , Ամենագնաց, Բենզին, Ավտոմատ, Ձախ, Արծաթագույն","24.03.2025 ԱՄԷ, Մաքսազերծված չ"
$ 64 800,2023  Mercedes-Benz GLS 600 Maybach,"28766 կմ , Ամենագնաց, Բենզին, Ավտոմատ, Ձախ, Սպիտակ","19.03.2025 Գերմանիա, Մաքսազերծված չ"
€ 132 900,2022  Tesla Model 3,"31183 մղոն , Սեդան, Էլեկտրական, Ավտոմատ, 300, Ձախ, Սպիտակ","27.02.2025 ԱՄՆ, Աճուրդում"
$ 9 700,2024  Mercedes-Benz GLE 63 S Coupe,"16000 կմ , Ամենագնաց, Բենզին, Ավտոմատ, Ձախ, Մոխրագույն","13.02.2025 Գերմանիա, Մաքսազերծված չ"
€ 110 800,2019  Toyota Tundra,"84158 մղոն , Պիկապ, Բենզին, Ավտոմատ, Ձախ, Մոխրագույն","16.02.2025 ԱՄՆ, Աճուրդում"
$ 13 600,2025  BMW 740,"9100 կմ , Սեդան, Դիզել, Ավտոմատ, Ձախ, Սև","21.02.2025 Գերմանիա, Մաքսազերծված չ"
€ 96 700,2022  Lexus RX 350 F Sport,"48042 մղոն , Ամենագնաց, Բենզին, Ավտոմատ, Ձախ, Սև","20.03.2025 ԱՄՆ, Աճուրդում"
$ 22 000,2021  Toyota Tacoma,"67547 մղոն , Պիկապ, Բենզին, Ավտոմատ, Ձախ, Մոխրագույն"
$ 13 000,2005  Ford Transit,"230000 կմ , Ֆուրգոն, Դիզել, Մեխանիկական, Ձախ, Կարմիր","30.12.2025 Հայաստան, Մաքսազերծված"
Պայմ.,2019  Chevrolet Cruze,"71327 մղոն , Սեդան, Բենզին, Ավտոմատ, Ձախ, Արծաթագույն","15.02.2025 ԱՄՆ, Աճուրդում"
$ 2 400,2018  Toyota Camry,"132000 կմ , Սեդան, Բենզին, Ավտոմատ, Ձախ, Կապույտ"
$ 17 500,2024  Lexus GX 550,"10 կմ , Ամենագնաց, Բենզին, Ավտոմատ, Ձախ, Սև"
$ 109 000,2025  Rolls Royce Cullinan,"3946 կմ , Ամենագնաց, Բենզին, Ավտոմատ, Ձախ, Սպիտակ","15.12.2025 Գերմանիա, Մաքսազերծված չ"
€ 420 200,2025  Rolls Royce Cullinan,"10 կմ , Ամենագնաց, Բենզին, Ավտոմատ, Ձախ, Արծաթագույն","15.12.2025 Գերմանիա, Մաքսազերծված չ"
€ 510 000,2025  Rolls Royce Cullinan,"20 կմ , Ամենագնաց, Բենզին, Ավտոմատ, Ձախ, Սև","15.12.2025 Գերմանիա, Մաքսազերծված չ"
€ 440 000,2025  Rolls Royce Ghost,"50 կմ , Սեդան, Բենզին, Ավտոմատ, Ձախ, Սև","15.12.2025 Գերմանիա, Մաքսազերծված չ"
€ 360 000,2025  Rolls Royce Ghost,"50 կմ , Սեդան, Բենզին, Ավտոմատ, Ձախ, Սպիտակ","15.12.2025 Գերմանիա, Մաքսազերծված չ"
€ 449 900,2025  BMW 530,"4033 կմ , Սեդան, Հիբրիդ, Ավտոմատ, Ձախ, Արծաթագույն","15.12.2025 Գերմանիա, Մաքսազերծված չ"
€ 60 500,2025  BMW 530,"4095 կմ , Սեդան, Հիբրիդ, Ավտոմատ, Ձախ, Սև","15.12.2025 Գերմանիա, Մաքսազերծված չ"
€ 62 200,2024  Mercedes-Benz GLC 200,"32 կմ , Ամենագնաց, Բենզին, Ավտոմատ, Ձախ, Սպիտակ","15.12.2025 Գերմանիա, Մաքսազերծված չ"
€ 57 900,2025  Mercedes-Benz GLC 300,"40 կմ , Ամենագնաց, Բենզին, Ավտոմատ, Ձախ, Սև","15.12.2025 Գերմանիա, Մաքսազերծված չ"
€ 67 000,2025  Mercedes-Benz GLC 200,"4000 կմ , Ամենագնաց, Բենզին, Ավտոմատ, Ձախ, Սպիտակ","15.12.2025 Գերմանիա, Մաքսազերծված չ"
€ 55 400,2025  Mercedes-Benz GLC 300,"4900 կմ , Ամենագնաց, Հիբրիդ, Ավտոմատ, Ձախ, Սև","15.12.2025 Գերմանիա, Մաքսազերծված չ"
€ 73 100,2025  Audi A8,"1045 կմ , Սեդան, Դիզել, Ավտոմատ, Ձախ, Սև","15.12.2025 Գերմանիա, Մաքսազերծված չ"
€ 79 900,2025  Toyota Land Cruiser Prado,"10 կմ , Ամենագնաց, Բենզին, Ավտոմատ, Ձախ, Արծաթագույն"
$ 70 800,2025  Toyota Land Cruiser Prado,"10 կմ , Ամենագնաց, Բենզին, Ավտոմատ, Ձախ, Սպիտակ"
$ 59 000,2025  Lexus GX 550,"10 կմ , Ամենագնաց, Բենզին, Ավտոմատ, Ձախ, Մոխրագույն"
$ 113 500,2020  Nissan Rogue,"86516 մղոն , Ամենագնաց, Բենզին, Ավտոմատ, Ձախ, Կապույտ","27.02.2025 ԱՄՆ, Աճուրդում"
$ 4 100,2020  Nissan Rogue,"60308 մղոն , Ամենագնաց, Բենզին, Ավտոմատ, Ձախ, Մոխրագույն","27.02.2025 ԱՄՆ, Աճուրդում"
$ 4 500,2019  Subaru Legacy,"39580 մղոն , Սեդան, Բենզին, Ավտոմատ, Ձախ, Սպիտակ","16.02.2025 ԱՄՆ, Աճուրդում"
$ 3 000,2024  Toyota Land Cruiser Prado,"10 կմ , Ամենագնաց, Բենզին, Ավտոմատ, Ձախ, Սև"
$ 58 000,2022  BMW X5,"41000 կմ , Ամենագնաց, Բենզին, Ավտոմատ, Ձախ, Այլ գույն"
$ 73 000,2018  Nissan Versa,"61794 մղոն , Սեդան, Բենզին, Ավտոմատ, Ձախ, Արծաթագույն"
$ 1 700,2024  Toyota Camry,"27000 կմ , Սեդան, Հիբրիդ, Վարիատոր, Ձախ, Այլ գույն","22.12.2025 Հայաստան, Մաքսազերծված"
$ 40 000,2021  Hyundai Sonata,"75709 մղոն , Սեդան, Բենզին, Ավտոմատ, Ձախ, Սև","15.02.2025 ԱՄՆ, Աճուրդում"
$ 6 900,2024  BMW X5,"17000 կմ , Ամենագնաց, Բենզին, Ավտոմատ, Ձախ, Սև","22.12.2025 Հայաստան, Մաքսազերծված"
$ 110 000,2020  Porsche Cayenne,"36084 մղոն , Ամենագնաց, Բենզին, Ավտոմատ, Ձախ, Մոխրագույն","15.04.2025 ԱՄՆ, Աճուրդում"
$ 28 000,2025  BMW X6 M,"4100 կմ , Ամենագնաց, Բենզին, Ավտոմատ, Ձախ, Արծաթագույն","24.09.2025 Գերմանիա, Մաքսազերծված չ"
€ 119 000,2019  Hyundai Kona,"69709 մղոն , Ամենագնաց, Բենզին, Ավտոմատ, Ձախ, Մոխրագույն","21.03.2025 ԱՄՆ, Աճուրդում"
$ 4 000,2018  Mitsubishi Outlander,"71448 մղոն , Ամենագնաց, Բենզին, Ավտոմատ, Ձախ, Սպիտակ"
$ 3 300,2018  Chevrolet Cruze,"91746 մղոն , Սեդան, Բենզին, Ավտոմատ, Ձախ, Արծաթագույն"
$ 2 200,2021  Toyota Rav 4,"29893 մղոն , Ամենագնաց, Բենզին, Ավտոմատ, Ձախ, Սպիտակ","28.03.2025 ԱՄՆ, Աճուրդում"
$ 11 300,2021  BMW X3,"11000 մղոն , Ամենագնաց, Բենզին, Ավտոմատ, Ձախ, Սպիտակ","24.03.2025 ԱՄՆ, Աճուրդում"
$ 19 000,2025  Mercedes-Benz G 580,"50 կմ , Ամենագնաց, Էլեկտրական, Ավտոմատ, 432, Ձախ, Սև","24.03.2025 Գերմանիա, Մաքսազերծված չ"
€ 156 900,2025  Mercedes-Benz G 580,"28 կմ , Ամենագնաց, Էլեկտրական, Ավտոմատ, 432, Ձախ, Սև","24.03.2025 Գերմանիա, Մաքսազերծված չ"
€ 156 300,2020  Hyundai Tucson,"58367 մղոն , Ամենագնաց, Բենզին, Ավտոմատ, Ձախ, Սպիտակ","17.03.2025 ԱՄՆ, Աճուրդում"
$ 6 100,2024  BMW 520,"8682 կմ , Սեդան, Բենզին, Ավտոմատ, Ձախ, Սպիտակ","11.03.2025 Գերմանիա, Մաքսազերծված չ"
€ 52 000,2021  Subaru Forester,"74822 մղոն , Ամենագնաց, Բենզին, Ավտոմատ, Ձախ, Սպիտակ","23.02.2025 ԱՄՆ, Աճուրդում"
$ 5 500,2019  Toyota Corolla,"87353 մղոն , Սեդան, Բենզին, Ավտոմատ, Ձախ, Արծաթագույն","15.03.2025 ԱՄՆ, Աճուրդում"
$ 4 500,2020  Toyota Rav 4,"48877 մղոն , Ամենագնաց, Բենզին, Ավտոմատ, Ձախ, Սև","12.03.2025 ԱՄՆ, Աճուրդում"
$ 10 000,2020  Ford Fusion,"68021 մղոն , Սեդան, Բենզին, Ավտոմատ, Ձախ, Սպիտակ","18.02.2025 ԱՄՆ, Աճուրդում"
$ 4 800,2022  Mercedes-Benz GLS 600 Maybach,"8360 կմ , Սեդան, Բենզին, Ավտոմատ, Ձախ, Մոխրագույն","20.02.2025 Գերմանիա, Մաքսազերծված չ"
€ 155 000,2022  Porsche Macan,"29083 մղոն , Ամենագնաց, Բենզին, Ավտոմատ, Ձախ, Կապույտ","21.05.2025 ԱՄՆ, Աճուրդում"
$ 28 000,2020  Ford Explorer,"63063 մղոն , Ամենագնաց, Բենզին, Ավտոմատ, Ձախ, Կապույտ"
$ 7 700,2020  Ford Explorer,"56979 մղոն , Ամենագնաց, Բենզին, Ավտոմատ, Ձախ, Կարմիր"
$ 7 500,2020  Ford Explorer,"71675 մղոն , Ամենագնաց, Բենզին, Ավտոմատ, Ձախ, Սպիտակ"
$ 7 900,2020  Ford Explorer,"65287 մղոն , Ամենագնաց, Բենզին, Ավտոմատ, Ձախ, Սև"
$ 8 000,2023  Mercedes-Benz E 200,"12632 կմ , Սեդան, Բենզին, Ավտոմատ, Ձախ, Սպիտակ","11.03.2025 Գերմանիա, Մաքսազերծված չ"
€ 48 700,2025  BMW X6 M,"6200 կմ , Ամենագնաց, Բենզին, Ավտոմատ, Ձախ, Կարմիր","25.08.2025 Գերմանիա, Մաքսազերծված չ"
€ 141 000,2020  Mazda CX5,"17852 մղոն , Ամենագնաց, Բենզին, Ավտոմատ, Ձախ, Կապույտ","21.02.2025 ԱՄՆ, Աճուրդում"
$ 7 500,2018  Mazda CX5,"61476 մղոն , Ամենագնաց, Բենզին, Ավտոմատ, Ձախ, Սև","27.02.2025 ԱՄՆ, Աճուրդում"
$ 5 700,2018  Mazda CX5,"48132 մղոն , Ամենագնաց, Բենզին, Ավտոմատ, Ձախ, Սպիտակ","27.02.2025 ԱՄՆ, Աճուրդում"
$ 5 500,2018  Dodge Journey,"47688 մղոն , Ամենագնաց, Բենզին, Ավտոմատ, Ձախ, Սպիտակ","27.02.2025 ԱՄՆ, Աճուրդում"
$ 2 100,2021  Lexus RX 350,"32170 մղոն , Ամենագնաց, Բենզին, Ավտոմատ, Ձախ, Մոխրագույն","12.03.2025 ԱՄՆ, Աճուրդում"
$ 19 200,2025  Mercedes-Benz EQE,"1200 կմ , Սեդան, Էլեկտրական, Ավտոմատ, 215, Ձախ, Սև","12.03.2025 Գերմանիա, Մաքսազերծված չ"
€ 59 400,2022  Mercedes-Benz EQC,"28809 կմ , Ամենագնաց, Էլեկտրական, Ավտոմատ, 300, Ձախ, Սպիտակ","12.03.2025 Գերմանիա, Մաքսազերծված չ"
€ 39 100,2024  Mercedes-Benz EQE,"15100 կմ , Սեդան, Էլեկտրական, Ավտոմատ, 180, Ձախ, Սպիտակ","12.03.2025 Գերմանիա, Մաքսազերծված չ"
€ 41 600,2020  Kia Sportage,"70813 մղոն , Ամենագնաց, Բենզին, Ավտոմատ, Ձախ, Սպիտակ","23.02.2025 ԱՄՆ, Աճուրդում"
$ 5 500,2018  Toyota Camry,"88338 մղոն , Սեդան, Բենզին, Ավտոմատ, Ձախ, Արծաթագույն","28.03.2025 ԱՄՆ, Աճուրդում"
$ 6 000,2018  Chevrolet Equinox,"21780 մղոն , Ամենագնաց, Բենզին, Ավտոմատ, Ձախ, Սպիտակ"
$ 3 000,2018  Chevrolet Equinox,"63518 մղոն , Ամենագնաց, Բենզին, Ավտոմատ, Ձախ, Կապույտ"
$ 2 800,2018  Nissan Versa,"10 մղոն , Սեդան, Բենզին, Ավտոմատ, Ձախ, Մոխրագույն"
$ 1 500,2019  Hyundai Tucson,"57947 մղոն , Ամենագնաց, Բենզին, Ավտոմատ, Ձախ, Սև","12.05.2025 ԱՄՆ, Աճուրդում"
$ 5 000,2019  Ford Fusion,"10 մղոն , Սեդան, Բենզին, Ավտոմատ, Ձախ, Մոխրագույն"
$ 3 600,2023  BMW XM,"7000 կմ , Ամենագնաց, Հիբրիդ, Ավտոմատ, Ձախ, Մոխրագույն","18.03.2025 Գերմանիա, Մաքսազերծված չ"
€ 134 500,2020  Ford Fusion,"30321 մղոն , Սեդան, Բենզին, Ավտոմատ, Ձախ, Կարմիր"
$ 4 500,2022  BMW X3,"21147 մղոն , Ամենագնաց, Բենզին, Ավտոմատ, Ձախ, Կապույտ","14.03.2025 ԱՄՆ, Աճուրդում"
$ 20 500,2021  Porsche Cayenne,"10 մղոն , Ամենագնաց, Բենզին, Ավտոմատ, Ձախ, Սև","26.03.2025 ԱՄՆ, Աճուրդում"
$ 27 500,2020  Kia Sportage,"37502 մղոն , Ամենագնաց, Բենզին, Ավտոմատ, Ձախ, Մոխրագույն","15.02.2025 ԱՄՆ, Աճուրդում"
$ 5 500,2019  Subaru Forester,"47149 մղոն , Ամենագնաց, Բենզին, Ավտոմատ, Աջ, Երկնագույն"
$ 3 800,2020  Subaru Forester,"50648 մղոն , Ամենագնաց, Բենզին, Ավտոմատ, Ձախ, Սև"
$ 4 600,2025  Mercedes-Benz GLS 600 Maybach,"53 կմ , Ամենագնաց, Բենզին, Ավտոմատ, Ձախ, Սև","14.02.2025 Գերմանիա, Մաքսազերծված չ"
€ 196 000,2023  BMW X3,"23800 կմ , Ամենագնաց, Բենզին, Ավտոմատ, Ձախ, Սպիտակ","22.02.2025 Գերմանիա, Մաքսազերծված չ"
€ 35 300,2025  Land Rover Range Rover,"10 կմ , Ամենագնաց, Բենզին, Ավտոմատ, Ձախ, Սև"
$ 216 000,2025  Land Rover Range Rover,"10 կմ , Ամենագնաց, Բենզին, Ավտոմատ, Ձախ, Սև"
$ 177 000,2025  Mercedes-Benz G 580,"900 կմ , Ամենագնաց, Էլեկտրական, Ավտոմատ, 432, Ձախ, Սպիտակ","24.03.2025 Գերմանիա, Մաքսազերծված չ"
€ 164 900,2021  Mercedes-Benz GLS 600 Maybach,"10 կմ , Ամենագնաց, Բենզին, Ավտոմատ, Ձախ, Սև","14.02.2025 Գերմանիա, Մաքսազերծված չ"
€ 159 600,1996  Mercedes-Benz E 230,"290000 կմ , Սեդան, Գազ, Ավտոմատ, Ձախ, Արծաթագույն"
֏ 2 300 000,2024  Lexus UX 200,"10 կմ , Ամենագնաց, Հիբրիդ, Ավտոմատ, Ձախ, Մոխրագույն","26.02.2025 Գերմանիա, Մաքսազերծված չ"
€ 40 400,2025  Lexus NX 350,"10 կմ , Ամենագնաց, Հիբրիդ, Ավտոմատ, Ձախ, Մոխրագույն","22.09.2025 Գերմանիա, Մաքսազերծված չ"
€ 52 000,2025  Land Rover Range Rover Sport,"1000 կմ , Ամենագնաց, Հիբրիդ, Ավտոմատ, Ձախ, Սպիտակ","17.09.2025 Գերմանիա, Մաքսազերծված չ"
€ 118 000,2025  Land Rover Range Rover Sport,"4710 կմ , Ամենագնաց, Հիբրիդ, Ավտոմատ, Ձախ, Կապույտ","17.09.2025 Գերմանիա, Մաքսազերծված չ"
€ 110 000,2024  Land Rover Range Rover Sport,"1800 կմ , Ամենագնաց, Հիբրիդ, Ավտոմատ, Ձախ, Սպիտակ","17.09.2025 Գերմանիա, Մաքսազերծված չ"
€ 105 000,2024  Land Rover Range Rover Sport,"9000 կմ , Ամենագնաց, Հիբրիդ, Ավտոմատ, Ձախ, Սև","17.09.2025 Գերմանիա, Մաքսազերծված չ"
€ 114 000,2025  Land Rover Range Rover Velar,"300 կմ , Ամենագնաց, Դիզել, Ավտոմատ, Ձախ, Արծաթագույն","17.09.2025 Գերմանիա, Մաքսազերծված չ"
€ 66 000,2018  Chevrolet Equinox,"80595 մղոն , Ամենագնաց, Բենզին, Ավտոմատ, Ձախ, Սև","18.03.2025 ԱՄՆ, Աճուրդում"
$ 3 000,2018  Dodge Challenger,"63880 մղոն , Սեդան, Բենզին, Ավտոմատ, Ձախ, Մոխրագույն","18.03.2025 ԱՄՆ, Աճուրդում"
$ 4 500,2018  Nissan Murano,"56519 մղոն , Ամենագնաց, Բենզին, Ավտոմատ, Ձախ, Սպիտակ","18.03.2025 ԱՄՆ, Աճուրդում"
$ 4 000,2025  Porsche Cayenne,"7500 կմ , Ամենագնաց, Բենզին, Ավտոմատ, Ձախ, Մոխրագույն","28.02.2025 Գերմանիա, Մաքսազերծված չ"
€ 94 800,2020  Hyundai Elantra,"68692 մղոն , Սեդան, Բենզին, Ավտոմատ, Ձախ, Մոխրագույն","27.03.2025 ԱՄՆ, Աճուրդում"
$ 3 600,2020  Dodge Challenger,"36750 մղոն , Սեդան, Բենզին, Ավտոմատ, Ձախ, Սպիտակ"
$ 6 000,2020  Ford Escape,"46298 մղոն , Ամենագնաց, Բենզին, Ավտոմատ, Ձախ, Երկնագույն","26.03.2025 ԱՄՆ, Աճուրդում"
$ 3 200,2021  Jeep Cherokee,"64513 մղոն , Ամենագնաց, Բենզին, Ավտոմատ, Ձախ, Մոխրագույն","20.03.2025 ԱՄՆ, Աճուրդում"
$ 5 000,2021  Jeep Cherokee,"31496 մղոն , Ամենագնաց, Բենզին, Ավտոմատ, Ձախ, Սպիտակ","20.03.2025 ԱՄՆ, Աճուրդում"
$ 4 900,2024  Mercedes-Benz G 63 AMG,"50 կմ , Ամենագնաց, Բենզին, Ավտոմատ, Ձախ, Մոխրագույն"
€ 249 000,2020  BMW X3,"10 մղոն , Ամենագնաց, Բենզին, Ավտոմատ, Ձախ, Արծաթագույն","30.04.2025 ԱՄՆ, Աճուրդում"
$ 17 000,2020  Mercedes-Benz EQC,"49000 կմ , Ամենագնաց, Էլեկտրական, Ավտոմատ, 300, Ձախ, Սպիտակ","15.02.2025 Գերմանիա, Մաքսազերծված չ"
€ 35 874,2020  Lexus IS 300 F Sport,"54820 մղոն , Սեդան, Բենզին, Ավտոմատ, Ձախ, Սպիտակ","14.02.2025 ԱՄՆ, Աճուրդում"
$ 11 500,2020  Lexus ES 350,"85467 մղոն , Սեդան, Բենզին, Ավտոմատ, Ձախ, Սև","14.02.2025 ԱՄՆ, Աճուրդում"
$ 14 300,2021  Cadillac Escalade,"41000 կմ , Ամենագնաց, Բենզին, Ավտոմատ, Ձախ, Սպիտակ","11.02.2025 Գերմանիա, Մաքսազերծված չ"
€ 91 200,2023  Cadillac Escalade,"10000 կմ , Ամենագնաց, Բենզին, Ավտոմատ, Ձախ, Սև","11.02.2025 Գերմանիա, Մաքսազերծված չ"
€ 103 300,2023  Cadillac Escalade,"6020 կմ , Ամենագնաց, Բենզին, Ավտոմատ, Ձախ, Սպիտակ","11.02.2025 Գերմանիա, Մաքսազերծված չ"
€ 99 000,2019  Lexus NX 300h,"47795 մղոն , Ամենագնաց, Բենզին, Ավտոմատ, Ձախ, Սպիտակ","14.03.2025 ԱՄՆ, Աճուրդում"
$ 12 000,2019  Mercedes-Benz G 63 AMG,"18460 կմ , Ամենագնաց, Բենզին, Ավտոմատ, Ձախ, Սև","13.03.2025 Գերմանիա, Մաքսազերծված չ"
€ 126 100,2019  Mercedes-Benz G 63 AMG,"5880 կմ , Ամենագնաց, Բենզին, Ավտոմատ, Ձախ, Սև","13.03.2025 Գերմանիա, Մաքսազերծված չ"
€ 205 000,2024  Land Rover Discovery,"13311 կմ , Ամենագնաց, Դիզել, Ավտոմատ, Ձախ, Սև","17.03.2025 Գերմանիա, Մաքսազերծված չ"
€ 65 400,2023  Tesla Model 3,"53992 կմ , Սեդան, Էլեկտրական, Ավտոմատ, 300, Ձախ, Մոխրագույն","28.03.2025 ԱՄՆ, Աճուրդում"
$ 10 300,2021  BMW X5,"32825 մղոն , Ամենագնաց, Բենզին, Ավտոմատ, Ձախ, Սև","21.02.2025 ԱՄՆ, Աճուրդում"
$ 26 600,2021  BMW X5,"49194 մղոն , Ամենագնաց, Բենզին, Ավտոմատ, Ձախ, Սպիտակ","21.02.2025 ԱՄՆ, Աճուրդում"
$ 27 000,2020  Kia Optima,"60782 մղոն , Սեդան, Բենզին, Ավտոմատ, Ձախ, Մոխրագույն"
$ 3 500,2020  Kia Optima,"44862 մղոն , Սեդան, Բենզին, Ավտոմատ, Ձախ, Կապույտ"
$ 3 100,2020  Toyota C-HR,"56989 մղոն , Ամենագնաց, Բենզին, Ավտոմատ, Ձախ, Կարմիր"
$ 6 500,2024  Mercedes-Benz C 300,"1223 մղոն , Սեդան, Բենզին, Ավտոմատ, Ձախ, Սև","15.04.2025 ԱՄՆ, Աճուրդում"
$ 23 500,2018  Mazda 6,"90115 մղոն , Ամենագնաց, Բենզին, Ավտոմատ, Ձախ, Սև","12.03.2025 ԱՄՆ, Աճուրդում"
$ 3 800,2019  Hyundai Elantra,"47214 մղոն , Սեդան, Բենզին, Ավտոմատ, Ձախ, Սպիտակ"
$ 2 900,2021  Toyota Rav 4,"18504 մղոն , Ամենագնաց, Բենզին, Ավտոմատ, Ձախ, Սև","11.02.2025 ԱՄՆ, Աճուրդում"
$ 12 000,2019  Nissan Rogue,"85521 մղոն , Ամենագնաց, Բենզին, Ավտոմատ, Ձախ, Կարմիր","20.02.2025 ԱՄՆ, Աճուրդում"
$ 3 700,2020  Kia Forte,"83169 մղոն , Սեդան, Բենզին, Ավտոմատ, Ձախ, Մոխրագույն"
$ 4 000,2020  Hyundai Elantra,"28362 մղոն , Սեդան, Բենզին, Ավտոմատ, Ձախ, Սև"
$ 3 800,2020  Hyundai Elantra,"57629 մղոն , Սեդան, Բենզին, Ավտոմատ, Ձախ, Սև"
$ 3 700,2024  BMW X6,"36358 մղոն , Ամենագնաց, Բենզին, Ավտոմատ, Ձախ, Սև","21.10.2025 Հայաստան, Մաքսազերծված"
$ 83 000,2021  Toyota Rav 4,"32183 մղոն , Ամենագնաց, Բենզին, Ավտոմատ, Ձախ, Սպիտակ","28.03.2025 ԱՄՆ, Աճուրդում"
$ 11 600,2022  Mazda CX 30,"21825 մղոն , Ամենագնաց, Բենզին, Ավտոմատ, Ձախ, Մոխրագույն","26.03.2025 ԱՄՆ, Աճուրդում"
$ 8 000,2021  Subaru Legacy,"31038 մղոն , Սեդան, Բենզին, Ավտոմատ, Ձախ, Սպիտակ","23.02.2025 ԱՄՆ, Աճուրդում"
$ 3 900,2022  Toyota Corolla,"43484 մղոն , Սեդան, Բենզին, Ավտոմատ, Ձախ, Սպիտակ"
$ 7 500,2022  Toyota Corolla,"44133 մղոն , Սեդան, Բենզին, Ավտոմատ, Ձախ, Երկնագույն"
$ 7 200,2018  Chevrolet Cruze,"65164 մղոն , Սեդան, Բենզին, Ավտոմատ, Ձախ, Մոխրագույն"
$ 2 300,2024  Mercedes-Benz S 63 AMG,"2550 կմ , Սեդան, Հիբրիդ, Ավտոմատ, Ձախ, Սև"
€ 206 000,2019  Mercedes-Benz G 63 AMG,"42245 կմ , Ամենագնաց, Բենզին, Ավտոմատ, Ձախ, Սև","13.03.2025 Գերմանիա, Մաքսազերծված չ"
€ 161 900,2021  Porsche Macan,"55599 մղոն , Ամենագնաց, Բենզին, Ավտոմատ, Ձախ, Սպիտակ","15.04.2025 ԱՄՆ, Աճուրդում"
$ 19 500,2020  Hyundai Tucson,"33643 մղոն , Ամենագնաց, Բենզին, Ավտոմատ, Ձախ, Սպիտակ"
$ 4 800,2022  BMW 318,"2253 կմ , Սեդան, Բենզին, Ավտոմատ, Ձախ, Սև","16.02.2025 Գերմանիա, Աճուրդում"
€ 24 800,2019  Ford Fiesta,"42910 մղոն , Սեդան, Բենզին, Ավտոմատ, Ձախ, Սև"
$ 1 600,2019  Ford Fiesta,"67374 մղոն , Սեդան, Բենզին, Ավտոմատ, Ձախ, Սպիտակ"
$ 1 700,2024  Rolls Royce Spectre,"500 կմ , Կուպե, Էլեկտրական, Ավտոմատ, 430, Ձախ, Սև","17.03.2025 Գերմանիա, Մաքսազերծված չ"
€ 540 000,2022  Mazda CX5,"18900 կմ , МАЗДА ГРАНД ТУРИНГ ПРЕМИУМ ПЛЮС., Ունիվերսալ, Բենզին, Ավտոմատ, Ձախ, Սպիտակ","29.06.2023 Հայաստան, Մաքսազերծված"
$ 32 500,2024  Land Rover Discovery Sport,"3000 կմ , Ամենագնաց, Բենզին, Ավտոմատ, Ձախ, Սպիտակ"
€ 53 700,2023  Land Rover Discovery Sport,"16736 կմ , Ամենագնաց, Բենզին, Ավտոմատ, Ձախ, Մոխրագույն"
€ 42 100,2024  Land Rover Discovery Sport,"5999 կմ , Ամենագնաց, Բենզին, Ավտոմատ, Ձախ, Սև"
€ 44 500,2019  Nissan Sentra,"18965 մղոն , Սեդան, Բենզին, Ավտոմատ, Ձախ, Մոխրագույն","17.02.2025 ԱՄՆ, Աճուրդում"
$ 2 100,2019  Ford Fiesta,"96500 մղոն , Սեդան, Բենզին, Ավտոմատ, Ձախ, Սև","18.03.2025 ԱՄՆ, Աճուրդում"
$ 1 400,2019  Ford Fiesta,"41354 մղոն , Սեդան, Բենզին, Ավտոմատ, Ձախ, Արծաթագույն","18.03.2025 ԱՄՆ, Աճուրդում"
$ 1 500,2019  Kia Sorento,"83541 մղոն , Ամենագնաց, Բենզին, Ավտոմատ, Ձախ, Սպիտակ","26.03.2025 ԱՄՆ, Աճուրդում"
$ 4 600,2021  Tesla Model Y,"68690 մղոն , Ամենագնաց, Էլեկտրական, Ավտոմատ, 300, Ձախ, Մոխրագույն","27.02.2025 ԱՄՆ, Աճուրդում"
$ 13 300,2022  Toyota Corolla,"27282 մղոն , Սեդան, Բենզին, Ավտոմատ, Ձախ, Սև","15.02.2025 ԱՄՆ, Աճուրդում"
$ 7 500,2023  Mercedes-Benz EQS SUV,"40540 կմ , Ամենագնաց, Էլեկտրական, Ավտոմատ, 300, Ձախ, Սև","12.03.2025 Գերմանիա, Մաքսազերծված չ"
€ 67 200,2021  Jeep Compass,"78247 մղոն , Ամենագնաց, Բենզին, Ավտոմատ, Ձախ, Սպիտակ","27.03.2025 ԱՄՆ, Աճուրդում"
$ 4 300,2020  Toyota Corolla,"87742 մղոն , Սեդան, Բենզին, Ավտոմատ, Ձախ, Սև","15.03.2025 ԱՄՆ, Աճուրդում"
$ 6 600,2018  Dodge Journey,"82525 մղոն , Ամենագնաց, Բենզին, Ավտոմատ, Ձախ, Սև","21.02.2025 ԱՄՆ, Աճուրդում"
$ 2 100,2018  Dodge Journey,"82893 մղոն , Ամենագնաց, Բենզին, Ավտոմատ, Ձախ, Սև","21.02.2025 ԱՄՆ, Աճուրդում"
$ 2 500,2018  Chevrolet Cruze,"65090 մղոն , Հետչբեք, Բենզին, Ավտոմատ, Ձախ, Կարմիր"
$ 1 600,2022  Mercedes-Benz GLE 350,"67527 մղոն , Ամենագնաց, Բենզին, Ավտոմատ, Ձախ, Սպիտակ","24.10.2025 ԱՄՆ, Մաքսազերծված չ"
$ 27 000,2025  Audi Q7,"1999 կմ , Ամենագնաց, Բենզին, Ավտոմատ, Ձախ, Սպիտակ","21.02.2025 Գերմանիա, Մաքսազերծված չ"
€ 90 800,2021  Toyota Corolla,"86985 մղոն , Սեդան, Բենզին, Ավտոմատ, Ձախ, Սև"
$ 5 800,2025  Lexus NX 350,"20 կմ , Ամենագնաց, Հիբրիդ, Ավտոմատ, Ձախ, Արծաթագույն","22.09.2025 Գերմանիա, Մաքսազերծված չ"
€ 49 000,2025  Lexus NX 350,"12 կմ , Ամենագնաց, Հիբրիդ, Ավտոմատ, Ձախ, Սպիտակ","22.09.2025 Գերմանիա, Մաքսազերծված չ"
€ 50 000,2021  Lexus GX 460 Premium,"66594 մղոն , Ամենագնաց, Բենզին, Ավտոմատ, Ձախ, Սպիտակ","20.02.2025 ԱՄՆ, Աճուրդում"
$ 24 800,2020  Land Rover Range Rover Evoque,"51726 մղոն , Ամենագնաց, Բենզին, Ավտոմատ, Ձախ, Սպիտակ"
$ 14 000,2021  Toyota Camry,"70402 մղոն , Սեդան, Բենզին, Ավտոմատ, Ձախ, Սպիտակ"
$ 11 700,2020  Toyota Camry,"86352 մղոն , Սեդան, Բենզին, Ավտոմատ, Ձախ, Սև"
$ 8 000,2018  Hyundai Kona,"45327 մղոն , Ամենագնաց, Բենզին, Ավտոմատ, Ձախ, Երկնագույն","28.02.2025 ԱՄՆ, Աճուրդում"
$ 3 500,2008  BMW X6,"240000 կմ , Ունիվերսալ, Բենզին, Ավտոմատ, Ձախ, Սպիտակ","23.11.2025 Հայաստան, Մաքսազերծված"
$ 15 000,2019  Jeep Compass,"136000 կմ , Sport, Ամենագնաց, Բենզին, Ավտոմատ, Ձախ, Մոխրագույն"
$ 13 500,2024  Land Rover Discovery Sport,"3000 կմ , Ամենագնաց, Բենզին, Ավտոմատ, Ձախ, Սպիտակ","24.02.2025 Գերմանիա, Մաքսազերծված չ"
€ 53 700,2021  Honda Accord,"57003 մղոն , Սեդան, Բենզին, Ավտոմատ, Ձախ, Կապույտ","20.03.2025 ԱՄՆ, Աճուրդում"
$ 7 000,2024  Mercedes-Benz C 300,"7052 մղոն , Սեդան, Բենզին, Ավտոմատ, Ձախ, Սպիտակ","15.04.2025 ԱՄՆ, Աճուրդում"
$ 24 000,2020  Toyota Corolla,"76944 մղոն , Սեդան, Բենզին, Ավտոմատ, Ձախ, Մոխրագույն","15.03.2025 ԱՄՆ, Աճուրդում"
$ 5 300,2020  Subaru Forester,"75355 մղոն , Ամենագնաց, Բենզին, Ավտոմատ, Ձախ, Մոխրագույն","25.03.2025 ԱՄՆ, Աճուրդում"
$ 4 500,2021  Mazda CX 30,"46025 մղոն , Ամենագնաց, Բենզին, Ավտոմատ, Ձախ, Սև","18.03.2025 ԱՄՆ, Աճուրդում"
$ 7 000,2022  Porsche Macan,"26974 մղոն , Ամենագնաց, Բենզին, Ավտոմատ, Ձախ, Սև","18.03.2025 ԱՄՆ, Աճուրդում"
$ 25 000,2021  Porsche Macan,"10 մղոն , Ամենագնաց, Բենզին, Ավտոմատ, Ձախ, Մոխրագույն","18.03.2025 ԱՄՆ, Աճուրդում"
$ 20 500,2024  Mercedes-Benz EQB,"9500 կմ , Ամենագնաց, Էլեկտրական, Ավտոմատ, 168, Ձախ, Երկնագույն","17.02.2025 Գերմանիա, Մաքսազերծված չ"
€ 37 400,2022  Chevrolet Malibu,"67664 մղոն , Սեդան, Բենզին, Ավտոմատ, Ձախ, Արծաթագույն","22.02.2025 ԱՄՆ, Աճուրդում"
$ 3 700,2022  Chevrolet Malibu,"68752 մղոն , Սեդան, Բենզին, Ավտոմատ, Ձախ, Մոխրագույն","22.02.2025 ԱՄՆ, Աճուրդում"
$ 3 900,2021  Mazda CX 30,"45619 մղոն , Ամենագնաց, Բենզին, Ավտոմատ, Ձախ, Կապույտ","21.05.2025 ԱՄՆ, Աճուրդում"
$ 6 500,2022  Mazda CX 30,"46438 մղոն , Ամենագնաց, Բենզին, Ավտոմատ, Ձախ, Սպիտակ","21.05.2025 ԱՄՆ, Աճուրդում"
$ 8 000
